<resources>
    <string name="app_name">Lab 8</string>
    <string name="add_button">Add</string>
    <string name="update_button">Update</string>
    <string name="delete_button">Delete</string>
    <string name="fab">Add Friend</string>
    <string name="title_activity_transition_edit">Edit Name Activity</string>
    <string name="title_activity_transition_add">Add Name Activity</string>

    <string-array name="names_array">
        <item>Title of a Book</item>
        <item>Once Upon a Story</item>
        <item>There Was a Book</item>
    </string-array>
    <string-array name="authors_array">
        <item>Michael</item>
        <item>Jennifer</item>
        <item>Christopher</item>
    </string-array>
    <string-array name="pubDates_array">
        <item>2000</item>
        <item>2000</item>
        <item>2000</item>
    </string-array>
    <string-array name="descriptions_array">
        <item>Book description here!</item>
        <item>So much to say about this book!</item>
        <item>Quite the story here.</item>
    </string-array>
</resources>
